Feature,Importance
studytime,0.022313052269947144
absences,0.12062632279165392
G1,0.034366182438151455
G2,0.8226944425002475
