Model,MAE
Random Forest,1.1233518183644766
Linear Regression,1.3125749396243553
Decision Tree,1.0443037974683544
